{
    "8fbf5a49-17a9-43ea-9c57-4f9f3a518394": {
        "obj_id": "8fbf5a49-17a9-43ea-9c57-4f9f3a518394",
        "bounding_box": [
            248,
            209,
            381,
            342
        ],
        "centroid": [
            314,
            275
        ],
        "radius": 66,
        "area": 13684.77759903714
    },
    "09734fdc-fd6c-4192-8fee-f9b16e1de5fe": {
        "obj_id": "09734fdc-fd6c-4192-8fee-f9b16e1de5fe",
        "bounding_box": [
            442,
            312,
            603,
            473
        ],
        "centroid": [
            522,
            392
        ],
        "radius": 80,
        "area": 20106.192982974677
    },
    "eeace54f-cbed-4bde-9190-bc90a8a3fddb": {
        "obj_id": "eeace54f-cbed-4bde-9190-bc90a8a3fddb",
        "bounding_box": [
            451,
            145,
            622,
            316
        ],
        "centroid": [
            537,
            231
        ],
        "radius": 85,
        "area": 22698.006922186254
    },
    "c944a3e3-a1b9-4729-bde9-c139b487eba4": {
        "obj_id": "c944a3e3-a1b9-4729-bde9-c139b487eba4",
        "bounding_box": [
            250,
            434,
            399,
            583
        ],
        "centroid": [
            325,
            508
        ],
        "radius": 74,
        "area": 17203.36137105771
    },
    "f3340cba-aa46-4bb0-addb-3204a61ca602": {
        "obj_id": "f3340cba-aa46-4bb0-addb-3204a61ca602",
        "bounding_box": [
            248,
            209,
            381,
            342
        ],
        "centroid": [
            314,
            275
        ],
        "radius": 66,
        "area": 13684.77759903714
    },
    "9dbc4b39-ba29-4255-9bdc-19a8abfd583f": {
        "obj_id": "9dbc4b39-ba29-4255-9bdc-19a8abfd583f",
        "bounding_box": [
            442,
            312,
            603,
            473
        ],
        "centroid": [
            522,
            392
        ],
        "radius": 80,
        "area": 20106.192982974677
    },
    "aeaa8be3-5624-4207-8766-755caebe06c8": {
        "obj_id": "aeaa8be3-5624-4207-8766-755caebe06c8",
        "bounding_box": [
            451,
            145,
            622,
            316
        ],
        "centroid": [
            537,
            231
        ],
        "radius": 85,
        "area": 22698.006922186254
    },
    "4bc73ee6-e655-4280-86de-4879eeb0b094": {
        "obj_id": "4bc73ee6-e655-4280-86de-4879eeb0b094",
        "bounding_box": [
            250,
            434,
            399,
            583
        ],
        "centroid": [
            325,
            508
        ],
        "radius": 74,
        "area": 17203.36137105771
    },
    "a7aa82a4-4670-4ebb-812b-ce7fce74d5a8": {
        "obj_id": "a7aa82a4-4670-4ebb-812b-ce7fce74d5a8",
        "bounding_box": [
            248,
            209,
            381,
            342
        ],
        "centroid": [
            314,
            275
        ],
        "radius": 66,
        "area": 13684.77759903714
    },
    "17c5f0e5-f104-4079-92b7-429ffaee8c19": {
        "obj_id": "17c5f0e5-f104-4079-92b7-429ffaee8c19",
        "bounding_box": [
            442,
            312,
            603,
            473
        ],
        "centroid": [
            522,
            392
        ],
        "radius": 80,
        "area": 20106.192982974677
    },
    "525ca792-23a3-44a3-bb82-f2a62a24d8a8": {
        "obj_id": "525ca792-23a3-44a3-bb82-f2a62a24d8a8",
        "bounding_box": [
            451,
            145,
            622,
            316
        ],
        "centroid": [
            537,
            231
        ],
        "radius": 85,
        "area": 22698.006922186254
    },
    "94818f5a-5985-4a5a-a19a-3b67510110f0": {
        "obj_id": "94818f5a-5985-4a5a-a19a-3b67510110f0",
        "bounding_box": [
            250,
            434,
            399,
            583
        ],
        "centroid": [
            325,
            508
        ],
        "radius": 74,
        "area": 17203.36137105771
    },
    "9c386e7e-a7f4-4078-910a-37912560ffac": {
        "obj_id": "9c386e7e-a7f4-4078-910a-37912560ffac",
        "bounding_box": [
            248,
            209,
            381,
            342
        ],
        "centroid": [
            314,
            275
        ],
        "radius": 66,
        "area": 13684.77759903714
    },
    "4eb8e563-ab02-4d0f-844f-8cc9d86a1a76": {
        "obj_id": "4eb8e563-ab02-4d0f-844f-8cc9d86a1a76",
        "bounding_box": [
            442,
            312,
            603,
            473
        ],
        "centroid": [
            522,
            392
        ],
        "radius": 80,
        "area": 20106.192982974677
    },
    "1cef983c-22a3-43d6-8489-bcd1dc709d61": {
        "obj_id": "1cef983c-22a3-43d6-8489-bcd1dc709d61",
        "bounding_box": [
            451,
            145,
            622,
            316
        ],
        "centroid": [
            537,
            231
        ],
        "radius": 85,
        "area": 22698.006922186254
    },
    "635833cb-7264-42a0-b4c2-6f439e3f5693": {
        "obj_id": "635833cb-7264-42a0-b4c2-6f439e3f5693",
        "bounding_box": [
            250,
            434,
            399,
            583
        ],
        "centroid": [
            325,
            508
        ],
        "radius": 74,
        "area": 17203.36137105771
    },
    "2bd3f4ec-987b-45ec-9b5f-f000656d1e3f": {
        "obj_id": "2bd3f4ec-987b-45ec-9b5f-f000656d1e3f",
        "bounding_box": [
            248,
            209,
            381,
            342
        ],
        "centroid": [
            314,
            275
        ],
        "radius": 66,
        "area": 13684.77759903714
    },
    "ec10d449-6056-4309-8826-032cf526d4ba": {
        "obj_id": "ec10d449-6056-4309-8826-032cf526d4ba",
        "bounding_box": [
            442,
            312,
            603,
            473
        ],
        "centroid": [
            522,
            392
        ],
        "radius": 80,
        "area": 20106.192982974677
    },
    "86a93faa-a42c-4c39-9c1d-0117f2457a40": {
        "obj_id": "86a93faa-a42c-4c39-9c1d-0117f2457a40",
        "bounding_box": [
            451,
            145,
            622,
            316
        ],
        "centroid": [
            537,
            231
        ],
        "radius": 85,
        "area": 22698.006922186254
    },
    "65566c95-733d-4653-83ff-e96ef3a6cb1c": {
        "obj_id": "65566c95-733d-4653-83ff-e96ef3a6cb1c",
        "bounding_box": [
            250,
            434,
            399,
            583
        ],
        "centroid": [
            325,
            508
        ],
        "radius": 74,
        "area": 17203.36137105771
    }
}