{
    "objects": {
        "8fbf5a49-17a9-43ea-9c57-4f9f3a518394": {
            "obj_id": "8fbf5a49-17a9-43ea-9c57-4f9f3a518394",
            "bounding_box": [
                248,
                209,
                381,
                342
            ],
            "centroid": [
                314,
                275
            ],
            "radius": 66,
            "area": 13684.77759903714
        },
        "09734fdc-fd6c-4192-8fee-f9b16e1de5fe": {
            "obj_id": "09734fdc-fd6c-4192-8fee-f9b16e1de5fe",
            "bounding_box": [
                442,
                312,
                603,
                473
            ],
            "centroid": [
                522,
                392
            ],
            "radius": 80,
            "area": 20106.192982974677
        },
        "eeace54f-cbed-4bde-9190-bc90a8a3fddb": {
            "obj_id": "eeace54f-cbed-4bde-9190-bc90a8a3fddb",
            "bounding_box": [
                451,
                145,
                622,
                316
            ],
            "centroid": [
                537,
                231
            ],
            "radius": 85,
            "area": 22698.006922186254
        },
        "c944a3e3-a1b9-4729-bde9-c139b487eba4": {
            "obj_id": "c944a3e3-a1b9-4729-bde9-c139b487eba4",
            "bounding_box": [
                250,
                434,
                399,
                583
            ],
            "centroid": [
                325,
                508
            ],
            "radius": 74,
            "area": 17203.36137105771
        }
    }
}